OBJECTID *,Shape *,FID_POLYLINE_2_30ftbuffer,BUFF_DIST,ORIG_FID,FID_CRASH_PHILADELPHIA_2019_XYTableToPoint,ARRIVAL_TM,AUTOMOBILE_COUNT,BELTED_DEATH_COUNT,BELTED_SUSP_SERIOUS_INJ_COUNT,BICYCLE_COUNT,BICYCLE_DEATH_COUNT,BICYCLE_SUSP_SERIOUS_INJ_COUNT,BUS_COUNT,CHLDPAS_DEATH_COUNT,CHLDPAS_SUSP_SERIOUS_INJ_COUNT,COLLISION_TYPE,COMM_VEH_COUNT,CONS_ZONE_SPD_LIM,COUNTY,CRASH_MONTH,CRASH_YEAR,CRN,DAY_OF_WEEK,DEC_LAT,DEC_LONG,DISPATCH_TM,DISTRICT,DRIVER_COUNT_16YR,DRIVER_COUNT_17YR,DRIVER_COUNT_18YR,DRIVER_COUNT_19YR,DRIVER_COUNT_20YR,DRIVER_COUNT_50_64YR,DRIVER_COUNT_65_74YR,DRIVER_COUNT_75PLUS,EST_HRS_CLOSED,FATAL_COUNT,HEAVY_TRUCK_COUNT,HORSE_BUGGY_COUNT,HOUR_OF_DAY,ILLUMINATION,INJURY_COUNT,INTERSECT_TYPE,LANE_CLOSED,LATITUDE,LN_CLOSE_DIR,LOCATION_TYPE,LONGITUDE,MAX_SEVERITY_LEVEL,MCYCLE_DEATH_COUNT,MCYCLE_SUSP_SERIOUS_INJ_COUNT,MOTORCYCLE_COUNT,MUNICIPALITY,NONMOTR_COUNT,NONMOTR_DEATH_COUNT,NONMOTR_SUSP_SERIOUS_INJ_COUNT,NTFY_HIWY_MAINT,PED_COUNT,PED_DEATH_COUNT,PED_SUSP_SERIOUS_INJ_COUNT,PERSON_COUNT,POLICE_AGCY,POSSIBLE_INJ_COUNT,RDWY_SURF_TYPE_CD,RELATION_TO_ROAD,ROAD_CONDITION,SCH_BUS_IND,SCH_ZONE_IND,SMALL_TRUCK_COUNT,SPEC_JURIS_CD,SUSP_MINOR_INJ_COUNT,SUSP_SERIOUS_INJ_COUNT,SUV_COUNT,TCD_FUNC_CD,TCD_TYPE,TFC_DETOUR_IND,TIME_OF_DAY,TOT_INJ_COUNT,TOTAL_UNITS,UNB_DEATH_COUNT,UNB_SUSP_SERIOUS_INJ_COUNT,UNBELTED_OCC_COUNT,UNK_INJ_DEG_COUNT,UNK_INJ_PER_COUNT,URBAN_RURAL,VAN_COUNT,VEHICLE_COUNT,WORK_ZONE_IND,WORK_ZONE_LOC,WORK_ZONE_TYPE,WORKERS_PRES,WZ_CLOSE_DETOUR,WZ_FLAGGER,WZ_LAW_OFFCR_IND,WZ_LN_CLOSURE,WZ_MOVING,WZ_OTHER,WZ_SHLDER_MDN,ROADWAY_CLEARED,WEATHER1,WEATHER2,WZ_WORKERS_INJ_KILLED,SECONDARY_CRASH,INTERSECTION_RELATED
3,Point,1,30,0,231,725,1,0,0,0,0,0,0,0,0,5,0,<Null>,67,1,2019,2019009631,7,39.9515,-75.201,721,6,0,0,0,0,0,0,0,0,<Null>,0,0,0,7,1,0,0,0,39 57:05.333,<Null>,0,75 12:03.599,9,0,0,0,67301,0,0,0,N,0,0,0,1,67504,0,<Null>,6,1,N,N,0,<Null>,0,0,1,0,0,<Null>,721,0,2,0,0,0,0,1,3,0,2,N,<Null>,<Null>,<Null>,<Null>,<Null>,<Null>,<Null>,<Null>,<Null>,<Null>,<Null>,3,<Null>,<Null>,<Null>,<Null>
7,Point,1,30,0,905,1835,1,0,0,0,0,0,0,0,0,6,0,<Null>,67,2,2019,2019022021,7,39.9503,-75.1917,1827,6,0,0,0,0,0,0,0,0,2,0,0,0,18,3,0,1,1,39 57:01.078,4,0,75 11:30.262,0,0,0,0,67301,0,0,0,N,0,0,0,2,67504,0,<Null>,1,9,N,N,0,<Null>,0,0,1,0,0,N,1820,0,2,0,0,0,0,0,3,0,2,N,<Null>,<Null>,<Null>,<Null>,<Null>,<Null>,<Null>,<Null>,<Null>,<Null>,<Null>,7,<Null>,<Null>,<Null>,<Null>
10,Point,1,30,0,2200,1511,1,0,0,0,0,0,0,0,0,8,0,<Null>,67,4,2019,2019035704,3,39.9515,-75.2008,1511,6,0,0,0,0,0,0,0,0,3,0,0,0,15,1,1,1,1,39 57:05.248,7,0,75 12:02.700,2,0,0,0,67301,1,0,1,N,1,0,1,2,67504,0,<Null>,1,1,N,N,0,<Null>,0,1,0,3,2,Y,1510,1,2,0,0,1,0,0,3,0,1,N,<Null>,<Null>,<Null>,<Null>,<Null>,<Null>,<Null>,<Null>,<Null>,<Null>,<Null>,3,<Null>,<Null>,<Null>,<Null>
11,Point,1,30,0,2597,2316,2,0,0,0,0,0,0,0,0,1,0,<Null>,67,4,2019,2019039015,6,40.0149,-75.2068,2313,6,0,0,0,0,0,0,0,0,<Null>,0,0,0,23,3,0,0,0,40 00:53.696,<Null>,3,75 12:24.500,0,0,0,0,67301,0,0,0,N,0,0,0,3,67301,0,<Null>,1,9,N,N,0,<Null>,0,0,0,3,2,<Null>,2301,0,2,0,0,0,0,0,3,0,2,N,<Null>,<Null>,<Null>,<Null>,<Null>,<Null>,<Null>,<Null>,<Null>,<Null>,<Null>,7,<Null>,<Null>,<Null>,<Null>
12,Point,1,30,0,2678,1240,0,0,0,0,0,0,0,0,0,1,0,<Null>,67,3,2019,2019040063,3,40.0092,-75.1967,1229,6,0,0,0,0,0,0,1,0,<Null>,0,0,0,12,1,1,1,0,40 00:32.988,<Null>,3,75 11:48.705,4,0,0,1,67301,0,0,0,N,0,0,0,2,67301,1,<Null>,1,1,N,N,0,<Null>,0,0,1,3,2,<Null>,1215,1,2,0,0,0,0,0,3,0,2,N,<Null>,<Null>,<Null>,<Null>,<Null>,<Null>,<Null>,<Null>,<Null>,<Null>,<Null>,3,<Null>,<Null>,<Null>,<Null>
13,Point,1,30,0,2806,1535,2,0,0,0,0,0,0,0,0,1,0,<Null>,67,4,2019,2019042133,3,40.0092,-75.1967,1530,6,0,0,0,0,0,0,0,0,<Null>,0,0,0,15,1,1,1,0,40 00:33.046,<Null>,3,75 11:48.208,8,0,0,0,67301,0,0,0,N,0,0,0,2,67301,0,<Null>,1,1,N,N,0,<Null>,0,0,0,3,2,<Null>,1510,1,2,0,0,0,1,0,3,0,2,N,<Null>,<Null>,<Null>,<Null>,<Null>,<Null>,<Null>,<Null>,<Null>,<Null>,<Null>,3,<Null>,<Null>,<Null>,<Null>
15,Point,1,30,0,3385,1704,1,0,0,0,0,0,0,0,0,5,0,<Null>,67,4,2019,2019049209,1,39.9474,-75.1874,1656,6,0,0,0,0,0,1,0,0,<Null>,0,0,0,16,1,0,0,0,39 56:50.560,<Null>,0,75 11:14.550,0,0,0,0,67301,0,0,0,N,0,0,0,19,68K01,0,<Null>,1,1,N,N,0,<Null>,0,0,3,0,0,<Null>,1656,0,5,0,0,0,0,0,3,1,5,N,<Null>,<Null>,<Null>,<Null>,<Null>,<Null>,<Null>,<Null>,<Null>,<Null>,<Null>,3,<Null>,<Null>,<Null>,<Null>
16,Point,1,30,0,3632,1645,1,0,0,1,0,0,0,0,0,2,0,<Null>,67,5,2019,2019050621,6,39.951,-75.1974,1644,6,0,0,0,0,0,0,0,0,<Null>,0,0,0,16,1,1,0,0,39 57:03.759,<Null>,0,75 11:50.621,3,0,0,0,67301,1,0,0,N,0,0,0,2,67504,0,<Null>,1,1,N,N,0,<Null>,1,0,0,0,0,<Null>,1643,1,2,0,0,0,0,0,3,0,1,N,<Null>,<Null>,<Null>,<Null>,<Null>,<Null>,<Null>,<Null>,<Null>,<Null>,<Null>,3,<Null>,<Null>,<Null>,<Null>
17,Point,1,30,0,3925,1333,0,0,0,1,0,0,0,0,0,2,0,<Null>,67,5,2019,2019053131,6,39.9504,-75.1926,1333,6,0,0,0,0,0,0,0,0,<Null>,0,0,0,13,1,1,1,0,39 57:01.584,<Null>,0,75 11:33.306,3,0,0,0,67301,1,0,0,N,0,0,0,2,67504,0,<Null>,1,1,N,N,0,<Null>,1,0,1,3,2,<Null>,1333,1,2,0,0,1,0,0,3,0,1,N,<Null>,<Null>,<Null>,<Null>,<Null>,<Null>,<Null>,<Null>,<Null>,<Null>,<Null>,3,<Null>,<Null>,<Null>,<Null>
18,Point,1,30,0,4189,840,0,0,0,0,0,0,0,0,0,8,0,<Null>,67,5,2019,2019055807,5,40.0131,-75.202,834,6,0,0,0,0,0,0,0,0,<Null>,0,0,0,8,1,1,2,0,40 00:47.031,<Null>,0,75 12:07.323,8,0,0,0,67301,1,0,0,N,1,0,0,2,67301,0,<Null>,1,1,N,N,0,<Null>,0,0,1,3,2,<Null>,815,1,2,0,0,0,1,0,3,0,1,N,<Null>,<Null>,<Null>,<Null>,<Null>,<Null>,<Null>,<Null>,<Null>,<Null>,<Null>,3,<Null>,<Null>,<Null>,<Null>
21,Point,1,30,0,5129,945,1,0,0,0,0,0,0,0,0,5,0,<Null>,67,7,2019,2019067835,2,40.0138,-75.2031,937,6,0,0,0,0,0,0,0,0,2,0,0,0,9,1,1,0,1,40 00:49.599,5,0,75 12:11.108,2,0,0,0,67301,1,0,1,N,1,0,1,2,67301,0,<Null>,1,1,N,N,0,<Null>,0,1,0,0,0,Y,927,1,4,0,0,1,0,0,3,2,3,N,<Null>,<Null>,<Null>,<Null>,<Null>,<Null>,<Null>,<Null>,<Null>,<Null>,<Null>,3,<Null>,<Null>,<Null>,<Null>
22,Point,1,30,0,5237,1729,1,0,0,0,0,0,0,0,0,2,0,<Null>,67,7,2019,2019069349,3,40.0146,-75.2055,1721,6,0,0,0,0,0,1,0,0,3,0,0,0,17,1,3,0,1,40 00:52.552,1,0,75 12:19.678,8,0,0,0,67301,0,0,0,N,0,0,0,4,67301,0,<Null>,1,1,N,N,0,<Null>,0,0,0,0,0,N,1718,3,2,0,0,0,3,0,3,1,2,N,<Null>,<Null>,<Null>,<Null>,<Null>,<Null>,<Null>,<Null>,<Null>,<Null>,<Null>,3,<Null>,<Null>,<Null>,<Null>
23,Point,1,30,0,5514,930,1,0,0,0,0,0,0,0,0,1,0,99,67,7,2019,2019072164,5,39.9513,-75.1991,928,6,0,0,0,0,0,0,1,0,<Null>,0,0,0,9,1,5,1,0,39 57:04.636,<Null>,0,75 11:57.326,3,0,0,0,67301,0,0,0,N,0,0,0,6,67504,0,<Null>,1,1,N,N,1,<Null>,5,0,1,3,2,<Null>,920,5,3,0,0,0,0,0,3,0,3,Y,8,8,U,<Null>,<Null>,U,<Null>,<Null>,<Null>,<Null>,<Null>,3,<Null>,<Null>,<Null>,<Null>
25,Point,1,30,0,5964,1745,1,0,0,1,0,0,0,0,0,1,0,<Null>,67,7,2019,2019076707,3,39.9508,-75.1951,<Null>,6,0,0,0,0,0,1,0,0,<Null>,0,0,0,17,4,1,0,0,39 57:02.768,<Null>,0,75 11:42.441,3,0,0,0,67301,1,0,0,N,0,0,0,2,67504,0,<Null>,4,1,N,N,0,<Null>,1,0,0,0,0,<Null>,1735,1,2,0,0,0,0,0,3,0,1,N,<Null>,<Null>,<Null>,<Null>,<Null>,<Null>,<Null>,<Null>,<Null>,<Null>,<Null>,3,<Null>,<Null>,<Null>,<Null>
26,Point,1,30,0,6029,819,1,0,0,1,0,0,0,0,0,4,0,<Null>,67,8,2019,2019077632,6,39.9504,-75.1926,816,6,0,0,0,0,0,0,0,0,<Null>,0,0,0,8,1,1,0,0,39 57:01.565,<Null>,0,75 11:33.396,8,0,0,0,67301,1,0,0,N,0,0,0,2,67504,0,<Null>,1,1,N,N,0,<Null>,0,0,0,0,0,<Null>,813,1,2,0,0,0,1,0,3,0,1,N,<Null>,<Null>,<Null>,<Null>,<Null>,<Null>,<Null>,<Null>,<Null>,<Null>,<Null>,3,<Null>,<Null>,<Null>,<Null>
27,Point,1,30,0,6034,506,2,0,0,0,0,0,0,0,0,4,0,<Null>,67,8,2019,2019077901,7,39.9518,-75.2031,506,6,0,0,0,0,0,1,0,0,<Null>,0,0,0,5,3,0,1,0,39 57:06.317,<Null>,0,75 12:11.069,9,0,0,0,67301,0,0,0,Y,0,0,0,2,67504,0,<Null>,1,1,N,N,0,<Null>,0,0,0,3,2,<Null>,506,0,2,0,0,0,0,1,3,0,2,N,<Null>,<Null>,<Null>,<Null>,<Null>,<Null>,<Null>,<Null>,<Null>,<Null>,<Null>,3,<Null>,<Null>,<Null>,<Null>
29,Point,1,30,0,6617,449,2,0,0,0,0,0,0,0,0,1,0,<Null>,67,8,2019,2019086044,1,39.9474,-75.1876,425,6,0,0,1,0,0,0,0,0,<Null>,0,0,0,4,3,3,1,0,39 56:50.808,<Null>,8,75 11:15.478,3,0,0,0,67301,0,0,0,N,0,0,0,7,68K01,0,<Null>,1,1,N,N,0,<Null>,3,0,0,3,2,<Null>,414,3,2,0,0,0,0,0,3,0,2,N,<Null>,<Null>,<Null>,<Null>,<Null>,<Null>,<Null>,<Null>,<Null>,<Null>,<Null>,3,<Null>,<Null>,<Null>,<Null>
30,Point,1,30,0,6692,1321,0,0,0,1,0,0,0,0,0,2,0,<Null>,67,8,2019,2019087102,5,39.9504,-75.1926,1320,6,0,0,0,0,0,0,0,0,<Null>,0,0,0,13,1,1,1,0,39 57:01.584,<Null>,0,75 11:33.306,3,0,0,0,67301,1,0,0,N,0,0,0,4,67504,0,<Null>,1,1,N,N,1,<Null>,1,0,0,0,0,N,1305,1,2,0,0,2,0,0,3,0,1,N,<Null>,<Null>,<Null>,<Null>,<Null>,<Null>,<Null>,<Null>,<Null>,<Null>,<Null>,3,<Null>,<Null>,<Null>,<Null>
31,Point,1,30,0,6964,745,1,0,0,1,0,0,0,0,0,8,0,<Null>,67,9,2019,2019089734,6,39.9505,-75.1926,740,6,0,0,0,0,0,0,0,0,<Null>,0,0,0,7,1,1,0,0,39 57:01.624,<Null>,0,75 11:33.383,3,0,0,0,67301,1,0,0,N,0,0,0,3,67504,0,<Null>,1,1,N,N,0,<Null>,1,0,0,0,0,<Null>,740,1,2,0,0,1,0,0,3,0,1,N,<Null>,<Null>,<Null>,<Null>,<Null>,<Null>,<Null>,<Null>,<Null>,<Null>,<Null>,3,<Null>,<Null>,<Null>,<Null>
32,Point,1,30,0,7248,2218,1,0,0,1,0,0,0,0,0,4,0,<Null>,67,9,2019,2019093078,2,39.9525,-75.2093,2214,6,0,0,0,0,0,0,1,0,<Null>,0,0,0,19,4,1,1,0,39 57:09.028,<Null>,0,75 12:33.361,3,0,0,0,67301,1,0,0,N,0,0,0,2,67504,0,<Null>,1,1,N,N,0,<Null>,1,0,0,3,2,<Null>,1930,1,2,0,0,0,0,0,3,0,1,N,<Null>,<Null>,<Null>,<Null>,<Null>,<Null>,<Null>,<Null>,<Null>,<Null>,<Null>,3,<Null>,<Null>,<Null>,<Null>
33,Point,1,30,0,7513,1650,1,0,0,1,0,0,0,0,0,8,0,<Null>,67,9,2019,2019096147,3,39.9502,-75.1916,1642,6,0,0,0,0,0,0,1,0,<Null>,0,0,0,16,1,1,0,0,39 57:00.875,<Null>,0,75 11:29.808,8,0,0,0,67301,1,0,0,N,0,0,0,2,67504,0,<Null>,1,1,N,N,0,<Null>,0,0,0,3,2,<Null>,1642,1,2,0,0,0,1,0,3,0,1,N,<Null>,<Null>,<Null>,<Null>,<Null>,<Null>,<Null>,<Null>,<Null>,<Null>,<Null>,3,<Null>,<Null>,<Null>,<Null>
34,Point,1,30,0,7678,1900,1,0,0,0,0,0,0,0,0,5,0,<Null>,67,9,2019,2019098050,1,40.013,-75.202,1900,6,0,0,0,0,0,0,0,0,<Null>,0,0,0,18,3,2,0,0,40 00:46.826,<Null>,0,75 12:07.125,3,0,0,0,67301,0,0,0,N,0,0,0,4,67301,0,<Null>,1,1,N,N,0,<Null>,2,0,2,3,2,<Null>,1852,2,3,0,0,4,0,0,3,0,3,N,<Null>,<Null>,<Null>,<Null>,<Null>,<Null>,<Null>,<Null>,<Null>,<Null>,<Null>,3,<Null>,<Null>,<Null>,<Null>
35,Point,1,30,0,8084,1900,1,0,0,1,0,0,0,0,0,5,0,<Null>,67,10,2019,2019103563,2,39.9506,-75.1936,1858,6,0,0,0,0,0,0,0,0,<Null>,0,0,0,18,2,1,0,0,39 57:02.074,<Null>,0,75 11:37.105,3,0,0,0,67301,1,0,0,N,0,0,0,2,67504,0,<Null>,6,1,N,N,0,<Null>,1,0,0,0,0,<Null>,1858,1,2,0,0,0,0,0,3,0,1,N,<Null>,<Null>,<Null>,<Null>,<Null>,<Null>,<Null>,<Null>,<Null>,<Null>,<Null>,3,<Null>,<Null>,<Null>,<Null>
37,Point,1,30,0,8600,2015,1,0,0,1,0,0,0,0,0,4,0,<Null>,67,11,2019,2019112741,3,39.9503,-75.1917,2014,6,0,0,0,0,0,1,0,0,<Null>,0,0,0,20,3,1,1,0,39 57:01.078,<Null>,0,75 11:30.262,8,0,0,0,67301,1,0,0,N,0,0,0,2,67504,0,<Null>,1,1,N,N,0,<Null>,0,0,0,3,2,<Null>,2013,1,2,0,0,0,1,0,3,0,1,N,<Null>,<Null>,<Null>,<Null>,<Null>,<Null>,<Null>,<Null>,<Null>,<Null>,<Null>,3,<Null>,<Null>,<Null>,<Null>
38,Point,1,30,0,8795,2356,1,0,0,0,0,0,0,0,0,8,0,<Null>,67,11,2019,2019116192,4,39.9519,-75.2046,2356,6,0,0,0,0,0,0,0,0,<Null>,0,0,0,23,2,1,0,0,39 57:07.015,<Null>,0,75 12:16.384,8,0,0,0,67301,1,0,0,N,1,0,0,4,67504,0,<Null>,1,1,N,N,0,<Null>,0,0,0,0,0,<Null>,2356,1,2,0,0,0,1,0,3,0,1,N,<Null>,<Null>,<Null>,<Null>,<Null>,<Null>,<Null>,<Null>,<Null>,<Null>,<Null>,3,<Null>,<Null>,<Null>,<Null>
39,Point,1,30,0,8919,1005,0,0,0,0,0,0,0,0,0,1,0,<Null>,67,11,2019,2019118358,2,40.0141,-75.2039,1000,6,0,0,0,0,0,0,0,0,<Null>,0,0,0,9,1,0,0,0,40 00:50.636,<Null>,7,75 12:13.957,0,0,0,0,67301,0,0,0,N,0,0,0,2,67301,0,<Null>,1,9,N,N,0,<Null>,0,0,2,0,0,<Null>,900,0,2,0,0,0,0,0,3,0,2,N,<Null>,<Null>,<Null>,<Null>,<Null>,<Null>,<Null>,<Null>,<Null>,<Null>,<Null>,7,<Null>,<Null>,<Null>,<Null>
40,Point,1,30,0,9640,2328,0,0,0,0,0,0,0,0,0,8,0,<Null>,67,12,2019,2019125578,6,39.9521,-75.2056,2328,6,0,0,0,0,0,0,0,0,<Null>,0,0,0,23,3,1,1,2,39 57:07.498,4,0,75 12:20.102,2,0,0,0,67301,1,0,1,N,1,0,1,2,67504,0,<Null>,1,1,N,N,0,<Null>,0,1,1,3,2,Y,2328,1,2,0,0,0,0,0,3,0,1,N,<Null>,<Null>,<Null>,<Null>,<Null>,<Null>,<Null>,<Null>,<Null>,<Null>,9,3,<Null>,<Null>,<Null>,<Null>
41,Point,1,30,0,10260,820,1,0,0,1,0,0,1,0,0,5,1,<Null>,67,9,2019,2019133129,3,39.9513,-75.1991,755,6,0,0,0,0,0,1,0,0,<Null>,0,0,0,7,1,3,1,0,39 57:04.866,<Null>,0,75 11:56.817,4,0,0,0,67301,1,0,0,N,0,0,0,5,37301,3,<Null>,4,1,N,N,0,<Null>,0,0,0,3,2,<Null>,755,3,3,0,0,0,0,0,3,0,2,N,<Null>,<Null>,<Null>,<Null>,<Null>,<Null>,<Null>,<Null>,<Null>,<Null>,<Null>,3,<Null>,<Null>,<Null>,<Null>
42,Point,1,30,0,10371,1018,2,0,0,0,0,0,0,0,0,1,0,<Null>,67,12,2019,2019134742,1,39.9474,-75.1876,1013,6,0,0,0,0,0,0,0,0,<Null>,0,0,0,2,3,1,1,0,39 56:50.776,<Null>,8,75 11:15.410,3,0,0,0,67301,0,0,0,N,0,0,0,2,67301,0,<Null>,1,1,N,N,0,<Null>,1,0,0,3,2,<Null>,230,1,2,0,0,0,0,0,3,0,2,N,<Null>,<Null>,<Null>,<Null>,<Null>,<Null>,<Null>,<Null>,<Null>,<Null>,<Null>,3,<Null>,<Null>,<Null>,<Null>
1,Point,1,30,0,184,1250,1,0,0,0,0,0,0,0,0,4,0,<Null>,67,1,2020,2020004052,7,40.0092,-75.1967,1245,6,0,0,0,0,0,0,0,0,<Null>,0,0,0,12,1,0,1,0,40 00:33.046,<Null>,0,75 11:48.208,0,0,0,0,67301,0,0,0,N,0,0,0,3,67301,0,<Null>,1,1,N,N,0,<Null>,0,0,1,3,2,<Null>,1243,0,2,0,0,0,0,0,3,0,2,N,<Null>,<Null>,<Null>,<Null>,<Null>,<Null>,<Null>,<Null>,<Null>,<Null>,<Null>,3,3,<Null>,<Null>,<Null>
4,Point,1,30,0,1305,1650,0,0,0,0,0,0,0,0,0,8,0,<Null>,67,2,2020,2020020021,7,39.9512,-75.1991,1645,6,0,0,0,0,0,0,0,0,<Null>,0,0,0,1,3,1,1,0,39 57:04.496,<Null>,99,75 11:56.898,8,0,0,0,67301,1,0,0,N,1,0,0,2,67504,0,<Null>,1,1,N,N,0,<Null>,0,0,1,3,2,<Null>,155,1,2,0,0,0,1,1,3,0,1,N,<Null>,<Null>,<Null>,<Null>,<Null>,<Null>,<Null>,<Null>,<Null>,<Null>,<Null>,3,3,<Null>,<Null>,<Null>
9,Point,1,30,0,2919,1540,1,0,0,0,0,0,0,0,0,8,0,<Null>,67,5,2020,2020036121,7,39.9529,-75.2122,1534,6,0,0,0,0,0,0,0,1,<Null>,0,0,0,15,1,1,1,0,39 57:10.335,<Null>,0,75 12:43.862,8,0,0,0,67301,1,0,0,N,1,0,0,2,67301,0,<Null>,1,1,N,N,0,<Null>,0,0,0,3,2,<Null>,1532,1,2,0,0,0,1,0,3,0,1,N,<Null>,<Null>,<Null>,<Null>,<Null>,<Null>,<Null>,<Null>,<Null>,<Null>,<Null>,3,<Null>,<Null>,N,<Null>
10,Point,1,30,0,2938,1650,0,0,0,1,0,0,0,0,0,4,0,<Null>,67,5,2020,2020036245,1,39.9504,-75.1926,1649,6,0,0,0,0,0,0,0,0,<Null>,0,0,0,16,1,1,1,0,39 57:01.584,<Null>,0,75 11:33.305,4,0,0,0,67301,1,0,0,Y,0,0,0,2,67504,1,<Null>,1,1,N,N,0,<Null>,0,0,0,3,2,<Null>,1645,1,2,0,0,0,0,0,3,1,1,N,<Null>,<Null>,<Null>,<Null>,<Null>,<Null>,<Null>,<Null>,<Null>,<Null>,<Null>,3,<Null>,<Null>,N,N
14,Point,1,30,0,4268,2041,1,0,0,0,0,0,0,0,0,4,0,<Null>,67,6,2020,2020049836,5,39.9518,-75.2031,2039,6,0,0,0,0,0,0,0,0,<Null>,0,0,0,20,4,2,1,0,39 57:06.317,<Null>,0,75 12:11.069,4,0,0,0,67301,0,0,0,N,0,0,0,6,67504,2,<Null>,1,1,N,N,0,<Null>,0,0,1,3,2,<Null>,2039,2,2,0,0,1,0,0,3,0,2,N,<Null>,<Null>,<Null>,<Null>,<Null>,<Null>,<Null>,<Null>,<Null>,<Null>,<Null>,3,3,<Null>,N,N
15,Point,1,30,0,4346,1540,1,0,0,0,0,0,0,0,0,4,0,<Null>,67,6,2020,2020050568,1,39.949,-75.1899,1520,6,0,0,0,0,0,1,0,1,<Null>,0,0,0,15,1,0,0,0,39 56:56.500,<Null>,0,75 11:23.500,0,0,0,0,67301,0,0,0,N,0,0,0,2,67504,0,<Null>,1,1,N,N,0,<Null>,0,0,1,0,0,<Null>,1500,0,2,0,0,0,0,0,3,0,2,N,<Null>,<Null>,<Null>,<Null>,<Null>,<Null>,<Null>,<Null>,<Null>,<Null>,<Null>,99,98,<Null>,N,N
18,Point,1,30,0,5240,1447,1,0,0,1,0,0,0,0,0,4,0,<Null>,67,7,2020,2020060355,4,39.9503,-75.1917,1443,6,0,0,0,0,0,0,0,0,<Null>,0,0,0,14,1,1,2,0,39 57:01.078,<Null>,0,75 11:30.262,4,0,0,0,67301,1,0,0,N,0,0,0,2,67504,1,<Null>,1,1,N,N,0,<Null>,0,0,0,3,2,<Null>,1443,1,2,0,0,1,0,0,3,0,1,N,<Null>,<Null>,<Null>,<Null>,<Null>,<Null>,<Null>,<Null>,<Null>,<Null>,<Null>,3,3,<Null>,<Null>,<Null>
19,Point,1,30,0,5555,1956,0,0,0,0,0,0,0,0,0,7,0,<Null>,67,6,2020,2020063251,5,39.9475,-75.1877,1946,6,0,0,0,0,0,0,0,0,<Null>,0,0,0,19,1,0,0,2,39 56:51.063,3,0,75 11:15.828,0,0,0,0,67301,0,0,0,Y,0,0,0,1,68K01,0,<Null>,7,1,N,N,0,<Null>,0,0,1,0,0,N,1942,0,1,0,0,0,0,0,3,0,1,N,<Null>,<Null>,<Null>,<Null>,<Null>,<Null>,<Null>,<Null>,<Null>,<Null>,2005,3,3,<Null>,<Null>,<Null>
21,Point,1,30,0,5748,917,1,0,0,1,0,0,0,0,0,5,0,<Null>,67,8,2020,2020065002,3,39.9507,-75.1944,917,6,0,0,0,0,0,0,0,0,<Null>,0,0,0,7,1,1,0,0,39 57:02.600,<Null>,0,75 11:39.900,3,0,0,0,67301,1,0,0,N,0,0,0,2,67504,0,<Null>,1,1,N,N,0,<Null>,1,0,0,0,0,<Null>,700,1,2,0,0,0,0,0,3,0,1,N,<Null>,<Null>,<Null>,<Null>,<Null>,<Null>,<Null>,<Null>,<Null>,<Null>,<Null>,99,98,<Null>,N,N